Template Name,Image URL
Impact - Bootstrap Business Website Template,https://bootstrapmade.com/content/templatefiles/Impact/Impact-bootstrap-website-template.webp
BizLand - Bootstrap Business Template,https://bootstrapmade.com/content/templatefiles/BizLand/BizLand-bootstrap-website-template.webp
Yummy - Bootstrap Restaurant Website Template,https://bootstrapmade.com/content/templatefiles/Yummy/Yummy-bootstrap-website-template.webp
Tempo - Free Onepage Bootstrap Theme,https://bootstrapmade.com/content/templatefiles/Tempo/Tempo-bootstrap-website-template.webp
Reveal Bootstrap Theme,https://bootstrapmade.com/content/templatefiles/Reveal/Reveal-bootstrap-website-template.webp
NewBiz - Bootstrap Corporate Business Template,https://bootstrapmade.com/content/templatefiles/NewBiz/NewBiz-bootstrap-website-template.webp
Regna Bootstrap Theme,https://bootstrapmade.com/content/templatefiles/Regna/Regna-bootstrap-website-template.webp
eStartup - Bootstrap Landing Page Template,https://bootstrapmade.com/content/templatefiles/eStartup/eStartup-bootstrap-website-template.webp
ZenBlog - Bootstrap Blog Template,https://bootstrapmade.com/content/templatefiles/ZenBlog/ZenBlog-bootstrap-website-template.webp
Logis - Bootstrap Transportation Website Template,https://bootstrapmade.com/content/templatefiles/Logis/Logis-bootstrap-website-template.webp
Append - Modern Bootstrap Template for Startups and IT Services,https://bootstrapmade.com/content/templatefiles/Append/Append-bootstrap-website-template.webp
DevFolio - Bootstrap Portfolio HTML Template,https://bootstrapmade.com/content/templatefiles/DevFolio/DevFolio-bootstrap-website-template.webp
Vesperr - Creative Bootstrap Template,https://bootstrapmade.com/content/templatefiles/Vesperr/Vesperr-bootstrap-website-template.webp
Gp - Free Multipurpose HTML Bootstrap Template,https://bootstrapmade.com/content/templatefiles/Gp/Gp-bootstrap-website-template.webp
MyResume - Bootstrap Resume and Portfolio Template,https://bootstrapmade.com/content/templatefiles/MyResume/MyResume-bootstrap-website-template.webp
Lumia - Bootstrap Business Template,https://bootstrapmade.com/content/templatefiles/Lumia/Lumia-bootstrap-website-template.webp
EasyFolio - Modern & Responsive Portfolio Bootstrap Template,https://bootstrapmade.com/content/templatefiles/EasyFolio/EasyFolio-bootstrap-website-template.webp
UpConstruction - Bootstrap Construction Website Template,https://bootstrapmade.com/content/templatefiles/UpConstruction/UpConstruction-bootstrap-website-template.webp
Green - Free one page HTML Bootstrap template,https://bootstrapmade.com/content/templatefiles/Green/Green-bootstrap-website-template.webp
Sailor - Bootstrap Business Template,https://bootstrapmade.com/content/templatefiles/Sailor/Sailor-bootstrap-website-template.webp
Nice Admin - Free bootstrap admin HTML template,https://bootstrapmade.com/content/templatefiles/NiceAdmin/NiceAdmin-bootstrap-website-template.webp
SoftLand - Bootstrap App Landing Page Template,https://bootstrapmade.com/content/templatefiles/SoftLand/SoftLand-bootstrap-website-template.webp
iLanding - Bootstrap Landing Page Template,https://bootstrapmade.com/content/templatefiles/iLanding/iLanding-bootstrap-website-template.webp
Active - Clean Bootstrap Template,https://bootstrapmade.com/content/templatefiles/Active/Active-bootstrap-website-template.webp
iPortfolio - Bootstrap Portfolio Websites Template,https://bootstrapmade.com/content/templatefiles/iPortfolio/iPortfolio-bootstrap-website-template.webp
Free Bootstrap template for corporate - Moderna,https://bootstrapmade.com/content/templatefiles/Moderna/Moderna-bootstrap-website-template.webp
QuickStart - Bootstrap Startup Website Template,https://bootstrapmade.com/content/templatefiles/QuickStart/QuickStart-bootstrap-website-template.webp
Ninestars - Free Bootstrap 3 theme for creative,https://bootstrapmade.com/content/templatefiles/Ninestars/Ninestars-bootstrap-website-template.webp
Blogy â€“ Modern Bootstrap Blog Template,https://bootstrapmade.com/content/templatefiles/Blogy/Blogy-bootstrap-website-template.webp
PhotoFolio - Bootstrap Photography Website Template,https://bootstrapmade.com/content/templatefiles/PhotoFolio/PhotoFolio-bootstrap-website-template.webp
Groovin - Free Bootstrap Theme,https://bootstrapmade.com/content/templatefiles/Groovin/Groovin-bootstrap-website-template.webp
Squadfree - Free Bootstrap template for creative,https://bootstrapmade.com/content/templatefiles/Squadfree/Squadfree-bootstrap-website-template.webp
Selecao - Agency Bootstrap Template,https://bootstrapmade.com/content/templatefiles/Selecao/Selecao-bootstrap-website-template.webp
Day - Multipurpose HTML Template,https://bootstrapmade.com/content/templatefiles/Day/Day-bootstrap-website-template.webp
Imperial - Free Onepage Bootstrap Theme,https://bootstrapmade.com/content/templatefiles/Imperial/Imperial-bootstrap-website-template.webp
Folio Bootstrap Portfolio Template,https://bootstrapmade.com/content/templatefiles/Folio/Folio-bootstrap-website-template.webp
AgriCulture Bootstrap Website Template,https://bootstrapmade.com/content/templatefiles/AgriCulture/AgriCulture-bootstrap-website-template.webp
eBusiness Bootstrap Corporate Template,https://bootstrapmade.com/content/templatefiles/eBusiness/eBusiness-bootstrap-website-template.webp
TheEvent - Free Event and Conference Bootstrap Template,https://bootstrapmade.com/content/templatefiles/TheEvent/TheEvent-bootstrap-website-template.webp
Avilon Bootstrap Landing Page Template,https://bootstrapmade.com/content/templatefiles/Avilon/Avilon-bootstrap-website-template.webp
Nova - Bootstrap Business Website Template,https://bootstrapmade.com/content/templatefiles/Nova/Nova-bootstrap-website-template.webp
